/*
Navicat MySQL Data Transfer

Source Server         : mymysql
Source Server Version : 50625
Source Host           : localhost:3308
Source Database       : lab-platform

Target Server Type    : MYSQL
Target Server Version : 50625
File Encoding         : 65001

Date: 2020-11-29 09:59:35
*/

SET FOREIGN_KEY_CHECKS=0;

-- ----------------------------
-- Table structure for sys_dept
-- ----------------------------
DROP TABLE IF EXISTS `sys_dept`;
CREATE TABLE `sys_dept` (
  `dept_id` bigint(20) NOT NULL AUTO_INCREMENT COMMENT 'ID',
  `pid` bigint(20) DEFAULT NULL COMMENT 'дёҠзә§йғЁй—Ё',
  `sub_count` int(5) DEFAULT '0' COMMENT 'еӯҗйғЁй—Ёж•°зӣ®',
  `name` varchar(255) NOT NULL COMMENT 'еҗҚз§°',
  `dept_sort` int(5) DEFAULT '999' COMMENT 'жҺ’еәҸ',
  `enabled` bit(1) NOT NULL COMMENT 'зҠ¶жҖҒ',
  `create_by` varchar(255) DEFAULT NULL COMMENT 'еҲӣе»әиҖ…',
  `update_by` varchar(255) DEFAULT NULL COMMENT 'жӣҙж–°иҖ…',
  `create_time` datetime DEFAULT NULL COMMENT 'еҲӣе»әж—Ҙжңҹ',
  `update_time` datetime DEFAULT NULL COMMENT 'жӣҙж–°ж—¶й—ҙ',
  PRIMARY KEY (`dept_id`) USING BTREE,
  KEY `inx_pid` (`pid`),
  KEY `inx_enabled` (`enabled`)
) ENGINE=InnoDB AUTO_INCREMENT=18 DEFAULT CHARSET=utf8 ROW_FORMAT=COMPACT COMMENT='йғЁй—Ё';

-- ----------------------------
-- Records of sys_dept
-- ----------------------------
INSERT INTO `sys_dept` VALUES ('2', '7', '1', 'з ”еҸ‘йғЁ', '3', '', 'admin', 'admin', '2019-03-25 09:15:32', '2020-08-02 14:48:47');
INSERT INTO `sys_dept` VALUES ('5', '7', '0', 'иҝҗз»ҙйғЁ', '4', '', 'admin', 'admin', '2019-03-25 09:20:44', '2020-05-17 14:27:27');
INSERT INTO `sys_dept` VALUES ('6', '8', '0', 'жөӢиҜ•йғЁ', '6', '', 'admin', 'admin', '2019-03-25 09:52:18', '2020-06-08 11:59:21');
INSERT INTO `sys_dept` VALUES ('7', null, '2', 'еҚҺеҚ—еҲҶйғЁ', '0', '', 'admin', 'admin', '2019-03-25 11:04:50', '2020-06-08 12:08:56');
INSERT INTO `sys_dept` VALUES ('8', null, '2', 'еҚҺеҢ—еҲҶйғЁ', '1', '', 'admin', 'admin', '2019-03-25 11:04:53', '2020-05-14 12:54:00');
INSERT INTO `sys_dept` VALUES ('15', '8', '0', 'UIйғЁй—Ё', '7', '', 'admin', 'admin', '2020-05-13 22:56:53', '2020-05-14 12:54:13');
INSERT INTO `sys_dept` VALUES ('17', '2', '0', 'з ”еҸ‘дёҖз»„', '999', '', 'admin', 'admin', '2020-08-02 14:49:07', '2020-08-02 14:49:07');

-- ----------------------------
-- Table structure for sys_dict
-- ----------------------------
DROP TABLE IF EXISTS `sys_dict`;
CREATE TABLE `sys_dict` (
  `dict_id` bigint(20) NOT NULL AUTO_INCREMENT COMMENT 'ID',
  `name` varchar(255) NOT NULL COMMENT 'еӯ—е…ёеҗҚз§°',
  `description` varchar(255) DEFAULT NULL COMMENT 'жҸҸиҝ°',
  `create_by` varchar(255) DEFAULT NULL COMMENT 'еҲӣе»әиҖ…',
  `update_by` varchar(255) DEFAULT NULL COMMENT 'жӣҙж–°иҖ…',
  `create_time` datetime DEFAULT NULL COMMENT 'еҲӣе»әж—Ҙжңҹ',
  `update_time` datetime DEFAULT NULL COMMENT 'жӣҙж–°ж—¶й—ҙ',
  PRIMARY KEY (`dict_id`) USING BTREE
) ENGINE=InnoDB AUTO_INCREMENT=6 DEFAULT CHARSET=utf8 ROW_FORMAT=COMPACT COMMENT='ж•°жҚ®еӯ—е…ё';

-- ----------------------------
-- Records of sys_dict
-- ----------------------------
INSERT INTO `sys_dict` VALUES ('1', 'user_status', 'з”ЁжҲ·зҠ¶жҖҒ', null, null, '2019-10-27 20:31:36', null);
INSERT INTO `sys_dict` VALUES ('4', 'dept_status', 'йғЁй—ЁзҠ¶жҖҒ', null, null, '2019-10-27 20:31:36', null);
INSERT INTO `sys_dict` VALUES ('5', 'job_status', 'еІ—дҪҚзҠ¶жҖҒ', null, null, '2019-10-27 20:31:36', null);

-- ----------------------------
-- Table structure for sys_dict_detail
-- ----------------------------
DROP TABLE IF EXISTS `sys_dict_detail`;
CREATE TABLE `sys_dict_detail` (
  `detail_id` bigint(20) NOT NULL AUTO_INCREMENT COMMENT 'ID',
  `dict_id` bigint(11) DEFAULT NULL COMMENT 'еӯ—е…ёid',
  `label` varchar(255) NOT NULL COMMENT 'еӯ—е…ёж Үзӯҫ',
  `value` varchar(255) NOT NULL COMMENT 'еӯ—е…ёеҖј',
  `dict_sort` int(5) DEFAULT NULL COMMENT 'жҺ’еәҸ',
  `create_by` varchar(255) DEFAULT NULL COMMENT 'еҲӣе»әиҖ…',
  `update_by` varchar(255) DEFAULT NULL COMMENT 'жӣҙж–°иҖ…',
  `create_time` datetime DEFAULT NULL COMMENT 'еҲӣе»әж—Ҙжңҹ',
  `update_time` datetime DEFAULT NULL COMMENT 'жӣҙж–°ж—¶й—ҙ',
  PRIMARY KEY (`detail_id`) USING BTREE,
  KEY `FK5tpkputc6d9nboxojdbgnpmyb` (`dict_id`) USING BTREE
) ENGINE=InnoDB AUTO_INCREMENT=7 DEFAULT CHARSET=utf8 ROW_FORMAT=COMPACT COMMENT='ж•°жҚ®еӯ—е…ёиҜҰжғ…';

-- ----------------------------
-- Records of sys_dict_detail
-- ----------------------------
INSERT INTO `sys_dict_detail` VALUES ('1', '1', 'жҝҖжҙ»', 'true', '1', null, null, '2019-10-27 20:31:36', null);
INSERT INTO `sys_dict_detail` VALUES ('2', '1', 'зҰҒз”Ё', 'false', '2', null, null, null, null);
INSERT INTO `sys_dict_detail` VALUES ('3', '4', 'еҗҜз”Ё', 'true', '1', null, null, null, null);
INSERT INTO `sys_dict_detail` VALUES ('4', '4', 'еҒңз”Ё', 'false', '2', null, null, '2019-10-27 20:31:36', null);
INSERT INTO `sys_dict_detail` VALUES ('5', '5', 'еҗҜз”Ё', 'true', '1', null, null, null, null);
INSERT INTO `sys_dict_detail` VALUES ('6', '5', 'еҒңз”Ё', 'false', '2', null, null, '2019-10-27 20:31:36', null);

-- ----------------------------
-- Table structure for sys_job
-- ----------------------------
DROP TABLE IF EXISTS `sys_job`;
CREATE TABLE `sys_job` (
  `job_id` bigint(20) NOT NULL AUTO_INCREMENT COMMENT 'ID',
  `name` varchar(255) NOT NULL COMMENT 'еІ—дҪҚеҗҚз§°',
  `enabled` bit(1) NOT NULL COMMENT 'еІ—дҪҚзҠ¶жҖҒ',
  `job_sort` int(5) DEFAULT NULL COMMENT 'жҺ’еәҸ',
  `create_by` varchar(255) DEFAULT NULL COMMENT 'еҲӣе»әиҖ…',
  `update_by` varchar(255) DEFAULT NULL COMMENT 'жӣҙж–°иҖ…',
  `create_time` datetime DEFAULT NULL COMMENT 'еҲӣе»әж—Ҙжңҹ',
  `update_time` datetime DEFAULT NULL COMMENT 'жӣҙж–°ж—¶й—ҙ',
  PRIMARY KEY (`job_id`) USING BTREE,
  UNIQUE KEY `uniq_name` (`name`),
  KEY `inx_enabled` (`enabled`)
) ENGINE=InnoDB AUTO_INCREMENT=13 DEFAULT CHARSET=utf8 ROW_FORMAT=COMPACT COMMENT='еІ—дҪҚ';

-- ----------------------------
-- Records of sys_job
-- ----------------------------
INSERT INTO `sys_job` VALUES ('8', 'дәәдәӢдё“е‘ҳ', '', '3', null, null, '2019-03-29 14:52:28', null);
INSERT INTO `sys_job` VALUES ('10', 'дә§е“Ғз»ҸзҗҶ', '', '4', null, null, '2019-03-29 14:55:51', null);
INSERT INTO `sys_job` VALUES ('11', 'е…Ёж ҲејҖеҸ‘', '', '2', null, 'admin', '2019-03-31 13:39:30', '2020-05-05 11:33:43');
INSERT INTO `sys_job` VALUES ('12', 'иҪҜд»¶жөӢиҜ•', '', '5', null, 'admin', '2019-03-31 13:39:43', '2020-05-10 19:56:26');

-- ----------------------------
-- Table structure for sys_log
-- ----------------------------
DROP TABLE IF EXISTS `sys_log`;
CREATE TABLE `sys_log` (
  `log_id` bigint(20) NOT NULL AUTO_INCREMENT COMMENT 'ID',
  `description` varchar(255) DEFAULT NULL,
  `log_type` varchar(255) DEFAULT NULL,
  `method` varchar(255) DEFAULT NULL,
  `params` text,
  `request_ip` varchar(255) DEFAULT NULL,
  `time` bigint(20) DEFAULT NULL,
  `username` varchar(255) DEFAULT NULL,
  `address` varchar(255) DEFAULT NULL,
  `browser` varchar(255) DEFAULT NULL,
  `exception_detail` text,
  `create_time` datetime DEFAULT NULL,
  PRIMARY KEY (`log_id`) USING BTREE,
  KEY `log_create_time_index` (`create_time`),
  KEY `inx_log_type` (`log_type`)
) ENGINE=InnoDB AUTO_INCREMENT=3553 DEFAULT CHARSET=utf8 ROW_FORMAT=COMPACT COMMENT='зі»з»ҹж—Ҙеҝ—';

-- ----------------------------
-- Records of sys_log
-- ----------------------------
INSERT INTO `sys_log` VALUES ('3537', 'з”ЁжҲ·зҷ»еҪ•', 'INFO', 'me.zhengjie.modules.security.rest.AuthorizationController.login()', '{{username=admin, password= ******} SecurityContextHolderAwareRequestWrapper[ FirewalledRequest[ org.apache.catalina.connector.RequestFacade@67e92637]]  }', '192.168.18.8', '830', 'admin', 'еҶ…зҪ‘IP', 'Chrome 8', null, '2020-09-11 23:16:54');
INSERT INTO `sys_log` VALUES ('3538', 'жҹҘиҜўйғЁй—Ё', 'INFO', 'me.zhengjie.modules.system.rest.DeptController.query()', '{DeptQueryCriteria(name=null, enabled=null, pid=null, pidIsNull=null, createTime=null)  }', '192.168.18.8', '53', 'admin', 'еҶ…зҪ‘IP', 'Chrome 8', null, '2020-09-11 23:17:02');
INSERT INTO `sys_log` VALUES ('3539', 'жҹҘиҜўеӯ—е…ёиҜҰжғ…', 'INFO', 'me.zhengjie.modules.system.rest.DictDetailController.query()', '{DictDetailQueryCriteria(label=null, dictName=user_status) Page request [number: 0, size 2000, sort: dictSort: ASC]  }', '192.168.18.8', '73', 'admin', 'еҶ…зҪ‘IP', 'Chrome 8', null, '2020-09-11 23:17:02');
INSERT INTO `sys_log` VALUES ('3540', 'жҹҘиҜўз”ЁжҲ·', 'INFO', 'me.zhengjie.modules.system.rest.UserController.query()', '{UserQueryCriteria(id=null, deptIds=[17, 2, 5, 6, 7, 8, 15], blurry=null, enabled=null, deptId=null, createTime=null) Page request [number: 0, size 10, sort: id: DESC]  }', '192.168.18.8', '106', 'admin', 'еҶ…зҪ‘IP', 'Chrome 8', null, '2020-09-11 23:17:02');
INSERT INTO `sys_log` VALUES ('3541', 'жҹҘиҜўеӯ—е…ёиҜҰжғ…', 'INFO', 'me.zhengjie.modules.system.rest.DictDetailController.query()', '{DictDetailQueryCriteria(label=null, dictName=user_status) Page request [number: 0, size 2000, sort: dictSort: ASC]  }', '192.168.18.8', '8', 'admin', 'еҶ…зҪ‘IP', 'Chrome 8', null, '2020-09-11 23:17:09');
INSERT INTO `sys_log` VALUES ('3542', 'жҹҘиҜўз”ЁжҲ·', 'INFO', 'me.zhengjie.modules.system.rest.UserController.query()', '{UserQueryCriteria(id=null, deptIds=[17, 2, 5, 6, 7, 8, 15], blurry=null, enabled=null, deptId=null, createTime=null) Page request [number: 0, size 10, sort: id: DESC]  }', '192.168.18.8', '36', 'admin', 'еҶ…зҪ‘IP', 'Chrome 8', null, '2020-09-11 23:17:10');
INSERT INTO `sys_log` VALUES ('3543', 'жҹҘиҜўйғЁй—Ё', 'INFO', 'me.zhengjie.modules.system.rest.DeptController.query()', '{DeptQueryCriteria(name=null, enabled=null, pid=null, pidIsNull=null, createTime=null)  }', '192.168.18.8', '19', 'admin', 'еҶ…зҪ‘IP', 'Chrome 8', null, '2020-09-11 23:17:10');
INSERT INTO `sys_log` VALUES ('3544', 'з”ЁжҲ·зҷ»еҪ•', 'INFO', 'me.zhengjie.modules.security.rest.AuthorizationController.login()', '{{username=admin, password= ******} SecurityContextHolderAwareRequestWrapper[ FirewalledRequest[ org.apache.catalina.connector.RequestFacade@67e92637]]  }', '192.168.18.8', '128', 'admin', 'еҶ…зҪ‘IP', 'Chrome 8', null, '2020-09-11 23:25:20');
INSERT INTO `sys_log` VALUES ('3545', 'жҹҘиҜўеӯ—е…ёиҜҰжғ…', 'INFO', 'me.zhengjie.modules.system.rest.DictDetailController.query()', '{DictDetailQueryCriteria(label=null, dictName=user_status) Page request [number: 0, size 2000, sort: dictSort: ASC]  }', '192.168.18.8', '8', 'admin', 'еҶ…зҪ‘IP', 'Chrome 8', null, '2020-09-11 23:25:21');
INSERT INTO `sys_log` VALUES ('3546', 'жҹҘиҜўз”ЁжҲ·', 'INFO', 'me.zhengjie.modules.system.rest.UserController.query()', '{UserQueryCriteria(id=null, deptIds=[17, 2, 5, 6, 7, 8, 15], blurry=null, enabled=null, deptId=null, createTime=null) Page request [number: 0, size 10, sort: id: DESC]  }', '192.168.18.8', '41', 'admin', 'еҶ…зҪ‘IP', 'Chrome 8', null, '2020-09-11 23:25:21');
INSERT INTO `sys_log` VALUES ('3547', 'жҹҘиҜўйғЁй—Ё', 'INFO', 'me.zhengjie.modules.system.rest.DeptController.query()', '{DeptQueryCriteria(name=null, enabled=null, pid=null, pidIsNull=null, createTime=null)  }', '192.168.18.8', '28', 'admin', 'еҶ…зҪ‘IP', 'Chrome 8', null, '2020-09-11 23:25:21');
INSERT INTO `sys_log` VALUES ('3548', 'з”ЁжҲ·зҷ»еҪ•', 'ERROR', 'me.zhengjie.modules.security.rest.AuthorizationController.login()', '{{username=admin, password= ******} SecurityContextHolderAwareRequestWrapper[ FirewalledRequest[ org.apache.catalina.connector.RequestFacade@727c181c]]  }', '192.168.18.8', '1221', 'admin', 'еҶ…зҪ‘IP', 'Chrome 8', 'me.zhengjie.exception.BadRequestException: йӘҢиҜҒз ҒдёҚеӯҳеңЁжҲ–е·ІиҝҮжңҹ\r\n	at me.zhengjie.modules.security.rest.AuthorizationController.login(AuthorizationController.java:85)\r\n	at me.zhengjie.modules.security.rest.AuthorizationController$$FastClassBySpringCGLIB$$f65d16c0.invoke(<generated>)\r\n	at org.springframework.cglib.proxy.MethodProxy.invoke(MethodProxy.java:218)\r\n	at org.springframework.aop.framework.CglibAopProxy$CglibMethodInvocation.invokeJoinpoint(CglibAopProxy.java:746)\r\n	at org.springframework.aop.framework.ReflectiveMethodInvocation.proceed(ReflectiveMethodInvocation.java:163)\r\n	at org.springframework.aop.aspectj.MethodInvocationProceedingJoinPoint.proceed(MethodInvocationProceedingJoinPoint.java:88)\r\n	at me.zhengjie.aspect.LogAspect.logAround(LogAspect.java:68)\r\n	at java.base/jdk.internal.reflect.NativeMethodAccessorImpl.invoke0(Native Method)\r\n	at java.base/jdk.internal.reflect.NativeMethodAccessorImpl.invoke(NativeMethodAccessorImpl.java:62)\r\n	at java.base/jdk.internal.reflect.DelegatingMethodAccessorImpl.invoke(DelegatingMethodAccessorImpl.java:43)\r\n	at java.base/java.lang.reflect.Method.invoke(Method.java:566)\r\n	at org.springframework.aop.aspectj.AbstractAspectJAdvice.invokeAdviceMethodWithGivenArgs(AbstractAspectJAdvice.java:644)\r\n	at org.springframework.aop.aspectj.AbstractAspectJAdvice.invokeAdviceMethod(AbstractAspectJAdvice.java:633)\r\n	at org.springframework.aop.aspectj.AspectJAroundAdvice.invoke(AspectJAroundAdvice.java:70)\r\n	at org.springframework.aop.framework.ReflectiveMethodInvocation.proceed(ReflectiveMethodInvocation.java:175)\r\n	at org.springframework.aop.aspectj.AspectJAfterThrowingAdvice.invoke(AspectJAfterThrowingAdvice.java:62)\r\n	at org.springframework.aop.framework.ReflectiveMethodInvocation.proceed(ReflectiveMethodInvocation.java:175)\r\n	at org.springframework.aop.interceptor.ExposeInvocationInterceptor.invoke(ExposeInvocationInterceptor.java:93)\r\n	at org.springframework.aop.framework.ReflectiveMethodInvocation.proceed(ReflectiveMethodInvocation.java:186)\r\n	at org.springframework.aop.framework.CglibAopProxy$DynamicAdvisedInterceptor.intercept(CglibAopProxy.java:688)\r\n	at me.zhengjie.modules.security.rest.AuthorizationController$$EnhancerBySpringCGLIB$$3fdbcb3e.login(<generated>)\r\n	at java.base/jdk.internal.reflect.NativeMethodAccessorImpl.invoke0(Native Method)\r\n	at java.base/jdk.internal.reflect.NativeMethodAccessorImpl.invoke(NativeMethodAccessorImpl.java:62)\r\n	at java.base/jdk.internal.reflect.DelegatingMethodAccessorImpl.invoke(DelegatingMethodAccessorImpl.java:43)\r\n	at java.base/java.lang.reflect.Method.invoke(Method.java:566)\r\n	at org.springframework.web.method.support.InvocableHandlerMethod.doInvoke(InvocableHandlerMethod.java:215)\r\n	at org.springframework.web.method.support.InvocableHandlerMethod.invokeForRequest(InvocableHandlerMethod.java:142)\r\n	at org.springframework.web.servlet.mvc.method.annotation.ServletInvocableHandlerMethod.invokeAndHandle(ServletInvocableHandlerMethod.java:102)\r\n	at org.springframework.web.servlet.mvc.method.annotation.RequestMappingHandlerAdapter.invokeHandlerMethod(RequestMappingHandlerAdapter.java:895)\r\n	at org.springframework.web.servlet.mvc.method.annotation.RequestMappingHandlerAdapter.handleInternal(RequestMappingHandlerAdapter.java:800)\r\n	at org.springframework.web.servlet.mvc.method.AbstractHandlerMethodAdapter.handle(AbstractHandlerMethodAdapter.java:87)\r\n	at org.springframework.web.servlet.DispatcherServlet.doDispatch(DispatcherServlet.java:1038)\r\n	at org.springframework.web.servlet.DispatcherServlet.doService(DispatcherServlet.java:942)\r\n	at org.springframework.web.servlet.FrameworkServlet.processRequest(FrameworkServlet.java:998)\r\n	at org.springframework.web.servlet.FrameworkServlet.doPost(FrameworkServlet.java:901)\r\n	at javax.servlet.http.HttpServlet.service(HttpServlet.java:660)\r\n	at org.springframework.web.servlet.FrameworkServlet.service(FrameworkServlet.java:875)\r\n	at javax.servlet.http.HttpServlet.service(HttpServlet.java:741)\r\n	at org.apache.catalina.core.ApplicationFilterChain.internalDoFilter(ApplicationFilterChain.java:231)\r\n	at org.apache.catalina.core.ApplicationFilterChain.doFilter(ApplicationFilterChain.java:166)\r\n	at org.apache.tomcat.websocket.server.WsFilter.doFilter(WsFilter.java:53)\r\n	at org.apache.catalina.core.ApplicationFilterChain.internalDoFilter(ApplicationFilterChain.java:193)\r\n	at org.apache.catalina.core.ApplicationFilterChain.doFilter(ApplicationFilterChain.java:166)\r\n	at org.springframework.web.filter.OncePerRequestFilter.doFilter(OncePerRequestFilter.java:101)\r\n	at org.apache.catalina.core.ApplicationFilterChain.internalDoFilter(ApplicationFilterChain.java:193)\r\n	at org.apache.catalina.core.ApplicationFilterChain.doFilter(ApplicationFilterChain.java:166)\r\n	at com.alibaba.druid.support.http.WebStatFilter.doFilter(WebStatFilter.java:124)\r\n	at org.apache.catalina.core.ApplicationFilterChain.internalDoFilter(ApplicationFilterChain.java:193)\r\n	at org.apache.catalina.core.ApplicationFilterChain.doFilter(ApplicationFilterChain.java:166)\r\n	at org.springframework.security.web.FilterChainProxy$VirtualFilterChain.doFilter(FilterChainProxy.java:320)\r\n	at org.springframework.security.web.access.intercept.FilterSecurityInterceptor.invoke(FilterSecurityInterceptor.java:127)\r\n	at org.springframework.security.web.access.intercept.FilterSecurityInterceptor.doFilter(FilterSecurityInterceptor.java:91)\r\n	at org.springframework.security.web.FilterChainProxy$VirtualFilterChain.doFilter(FilterChainProxy.java:334)\r\n	at org.springframework.security.web.access.ExceptionTranslationFilter.doFilter(ExceptionTranslationFilter.java:119)\r\n	at org.springframework.security.web.FilterChainProxy$VirtualFilterChain.doFilter(FilterChainProxy.java:334)\r\n	at org.springframework.security.web.session.SessionManagementFilter.doFilter(SessionManagementFilter.java:137)\r\n	at org.springframework.security.web.FilterChainProxy$VirtualFilterChain.doFilter(FilterChainProxy.java:334)\r\n	at org.springframework.security.web.authentication.AnonymousAuthenticationFilter.doFilter(AnonymousAuthenticationFilter.java:111)\r\n	at org.springframework.security.web.FilterChainProxy$VirtualFilterChain.doFilter(FilterChainProxy.java:334)\r\n	at org.springframework.security.web.servletapi.SecurityContextHolderAwareRequestFilter.doFilter(SecurityContextHolderAwareRequestFilter.java:170)\r\n	at org.springframework.security.web.FilterChainProxy$VirtualFilterChain.doFilter(FilterChainProxy.java:334)\r\n	at org.springframework.security.web.savedrequest.RequestCacheAwareFilter.doFilter(RequestCacheAwareFilter.java:63)\r\n	at org.springframework.security.web.FilterChainProxy$VirtualFilterChain.doFilter(FilterChainProxy.java:334)\r\n	at me.zhengjie.modules.security.security.TokenFilter.doFilter(TokenFilter.java:90)\r\n	at org.springframework.security.web.FilterChainProxy$VirtualFilterChain.doFilter(FilterChainProxy.java:334)\r\n	at org.springframework.web.filter.CorsFilter.doFilterInternal(CorsFilter.java:96)\r\n	at org.springframework.web.filter.OncePerRequestFilter.doFilter(OncePerRequestFilter.java:107)\r\n	at org.springframework.security.web.FilterChainProxy$VirtualFilterChain.doFilter(FilterChainProxy.java:334)\r\n	at org.springframework.security.web.authentication.logout.LogoutFilter.doFilter(LogoutFilter.java:116)\r\n	at org.springframework.security.web.FilterChainProxy$VirtualFilterChain.doFilter(FilterChainProxy.java:334)\r\n	at org.springframework.security.web.header.HeaderWriterFilter.doFilterInternal(HeaderWriterFilter.java:66)\r\n	at org.springframework.web.filter.OncePerRequestFilter.doFilter(OncePerRequestFilter.java:107)\r\n	at org.springframework.security.web.FilterChainProxy$VirtualFilterChain.doFilter(FilterChainProxy.java:334)\r\n	at org.springframework.security.web.context.SecurityContextPersistenceFilter.doFilter(SecurityContextPersistenceFilter.java:105)\r\n	at org.springframework.security.web.FilterChainProxy$VirtualFilterChain.doFilter(FilterChainProxy.java:334)\r\n	at org.springframework.security.web.context.request.async.WebAsyncManagerIntegrationFilter.doFilterInternal(WebAsyncManagerIntegrationFilter.java:56)\r\n	at org.springframework.web.filter.OncePerRequestFilter.doFilter(OncePerRequestFilter.java:107)\r\n	at org.springframework.security.web.FilterChainProxy$VirtualFilterChain.doFilter(FilterChainProxy.java:334)\r\n	at org.springframework.security.web.FilterChainProxy.doFilterInternal(FilterChainProxy.java:215)\r\n	at org.springframework.security.web.FilterChainProxy.doFilter(FilterChainProxy.java:178)\r\n	at org.springframework.web.filter.DelegatingFilterProxy.invokeDelegate(DelegatingFilterProxy.java:357)\r\n	at org.springframework.web.filter.DelegatingFilterProxy.doFilter(DelegatingFilterProxy.java:270)\r\n	at org.apache.catalina.core.ApplicationFilterChain.internalDoFilter(ApplicationFilterChain.java:193)\r\n	at org.apache.catalina.core.ApplicationFilterChain.doFilter(ApplicationFilterChain.java:166)\r\n	at org.springframework.web.filter.CharacterEncodingFilter.doFilterInternal(CharacterEncodingFilter.java:200)\r\n	at org.springframework.web.filter.OncePerRequestFilter.doFilter(OncePerRequestFilter.java:107)\r\n	at org.apache.catalina.core.ApplicationFilterChain.internalDoFilter(ApplicationFilterChain.java:193)\r\n	at org.apache.catalina.core.ApplicationFilterChain.doFilter(ApplicationFilterChain.java:166)\r\n	at org.apache.catalina.core.StandardWrapperValve.invoke(StandardWrapperValve.java:199)\r\n	at org.apache.catalina.core.StandardContextValve.invoke(StandardContextValve.java:96)\r\n	at org.apache.catalina.authenticator.AuthenticatorBase.invoke(AuthenticatorBase.java:490)\r\n	at org.apache.catalina.core.StandardHostValve.invoke(StandardHostValve.java:139)\r\n	at org.apache.catalina.valves.ErrorReportValve.invoke(ErrorReportValve.java:92)\r\n	at org.apache.catalina.core.StandardEngineValve.invoke(StandardEngineValve.java:74)\r\n	at org.apache.catalina.connector.CoyoteAdapter.service(CoyoteAdapter.java:343)\r\n	at org.apache.coyote.http11.Http11Processor.service(Http11Processor.java:408)\r\n	at org.apache.coyote.AbstractProcessorLight.process(AbstractProcessorLight.java:66)\r\n	at org.apache.coyote.AbstractProtocol$ConnectionHandler.process(AbstractProtocol.java:770)\r\n	at org.apache.tomcat.util.net.NioEndpoint$SocketProcessor.doRun(NioEndpoint.java:1415)\r\n	at org.apache.tomcat.util.net.SocketProcessorBase.run(SocketProcessorBase.java:49)\r\n	at java.base/java.util.concurrent.ThreadPoolExecutor.runWorker(ThreadPoolExecutor.java:1128)\r\n	at java.base/java.util.concurrent.ThreadPoolExecutor$Worker.run(ThreadPoolExecutor.java:628)\r\n	at org.apache.tomcat.util.threads.TaskThread$WrappingRunnable.run(TaskThread.java:61)\r\n	at java.base/java.lang.Thread.run(Thread.java:834)\r\n', '2020-09-13 10:42:18');
INSERT INTO `sys_log` VALUES ('3549', 'з”ЁжҲ·зҷ»еҪ•', 'ERROR', 'me.zhengjie.modules.security.rest.AuthorizationController.login()', '{{username=admin, password= ******} SecurityContextHolderAwareRequestWrapper[ FirewalledRequest[ org.apache.catalina.connector.RequestFacade@3fda5c90]]  }', '192.168.18.8', '21', 'admin', 'еҶ…зҪ‘IP', 'Chrome 8', 'me.zhengjie.exception.BadRequestException: йӘҢиҜҒз Ғй”ҷиҜҜ\r\n	at me.zhengjie.modules.security.rest.AuthorizationController.login(AuthorizationController.java:88)\r\n	at me.zhengjie.modules.security.rest.AuthorizationController$$FastClassBySpringCGLIB$$f65d16c0.invoke(<generated>)\r\n	at org.springframework.cglib.proxy.MethodProxy.invoke(MethodProxy.java:218)\r\n	at org.springframework.aop.framework.CglibAopProxy$CglibMethodInvocation.invokeJoinpoint(CglibAopProxy.java:746)\r\n	at org.springframework.aop.framework.ReflectiveMethodInvocation.proceed(ReflectiveMethodInvocation.java:163)\r\n	at org.springframework.aop.aspectj.MethodInvocationProceedingJoinPoint.proceed(MethodInvocationProceedingJoinPoint.java:88)\r\n	at me.zhengjie.aspect.LogAspect.logAround(LogAspect.java:68)\r\n	at java.base/jdk.internal.reflect.NativeMethodAccessorImpl.invoke0(Native Method)\r\n	at java.base/jdk.internal.reflect.NativeMethodAccessorImpl.invoke(NativeMethodAccessorImpl.java:62)\r\n	at java.base/jdk.internal.reflect.DelegatingMethodAccessorImpl.invoke(DelegatingMethodAccessorImpl.java:43)\r\n	at java.base/java.lang.reflect.Method.invoke(Method.java:566)\r\n	at org.springframework.aop.aspectj.AbstractAspectJAdvice.invokeAdviceMethodWithGivenArgs(AbstractAspectJAdvice.java:644)\r\n	at org.springframework.aop.aspectj.AbstractAspectJAdvice.invokeAdviceMethod(AbstractAspectJAdvice.java:633)\r\n	at org.springframework.aop.aspectj.AspectJAroundAdvice.invoke(AspectJAroundAdvice.java:70)\r\n	at org.springframework.aop.framework.ReflectiveMethodInvocation.proceed(ReflectiveMethodInvocation.java:175)\r\n	at org.springframework.aop.aspectj.AspectJAfterThrowingAdvice.invoke(AspectJAfterThrowingAdvice.java:62)\r\n	at org.springframework.aop.framework.ReflectiveMethodInvocation.proceed(ReflectiveMethodInvocation.java:175)\r\n	at org.springframework.aop.interceptor.ExposeInvocationInterceptor.invoke(ExposeInvocationInterceptor.java:93)\r\n	at org.springframework.aop.framework.ReflectiveMethodInvocation.proceed(ReflectiveMethodInvocation.java:186)\r\n	at org.springframework.aop.framework.CglibAopProxy$DynamicAdvisedInterceptor.intercept(CglibAopProxy.java:688)\r\n	at me.zhengjie.modules.security.rest.AuthorizationController$$EnhancerBySpringCGLIB$$3fdbcb3e.login(<generated>)\r\n	at java.base/jdk.internal.reflect.NativeMethodAccessorImpl.invoke0(Native Method)\r\n	at java.base/jdk.internal.reflect.NativeMethodAccessorImpl.invoke(NativeMethodAccessorImpl.java:62)\r\n	at java.base/jdk.internal.reflect.DelegatingMethodAccessorImpl.invoke(DelegatingMethodAccessorImpl.java:43)\r\n	at java.base/java.lang.reflect.Method.invoke(Method.java:566)\r\n	at org.springframework.web.method.support.InvocableHandlerMethod.doInvoke(InvocableHandlerMethod.java:215)\r\n	at org.springframework.web.method.support.InvocableHandlerMethod.invokeForRequest(InvocableHandlerMethod.java:142)\r\n	at org.springframework.web.servlet.mvc.method.annotation.ServletInvocableHandlerMethod.invokeAndHandle(ServletInvocableHandlerMethod.java:102)\r\n	at org.springframework.web.servlet.mvc.method.annotation.RequestMappingHandlerAdapter.invokeHandlerMethod(RequestMappingHandlerAdapter.java:895)\r\n	at org.springframework.web.servlet.mvc.method.annotation.RequestMappingHandlerAdapter.handleInternal(RequestMappingHandlerAdapter.java:800)\r\n	at org.springframework.web.servlet.mvc.method.AbstractHandlerMethodAdapter.handle(AbstractHandlerMethodAdapter.java:87)\r\n	at org.springframework.web.servlet.DispatcherServlet.doDispatch(DispatcherServlet.java:1038)\r\n	at org.springframework.web.servlet.DispatcherServlet.doService(DispatcherServlet.java:942)\r\n	at org.springframework.web.servlet.FrameworkServlet.processRequest(FrameworkServlet.java:998)\r\n	at org.springframework.web.servlet.FrameworkServlet.doPost(FrameworkServlet.java:901)\r\n	at javax.servlet.http.HttpServlet.service(HttpServlet.java:660)\r\n	at org.springframework.web.servlet.FrameworkServlet.service(FrameworkServlet.java:875)\r\n	at javax.servlet.http.HttpServlet.service(HttpServlet.java:741)\r\n	at org.apache.catalina.core.ApplicationFilterChain.internalDoFilter(ApplicationFilterChain.java:231)\r\n	at org.apache.catalina.core.ApplicationFilterChain.doFilter(ApplicationFilterChain.java:166)\r\n	at org.apache.tomcat.websocket.server.WsFilter.doFilter(WsFilter.java:53)\r\n	at org.apache.catalina.core.ApplicationFilterChain.internalDoFilter(ApplicationFilterChain.java:193)\r\n	at org.apache.catalina.core.ApplicationFilterChain.doFilter(ApplicationFilterChain.java:166)\r\n	at org.springframework.web.filter.OncePerRequestFilter.doFilter(OncePerRequestFilter.java:101)\r\n	at org.apache.catalina.core.ApplicationFilterChain.internalDoFilter(ApplicationFilterChain.java:193)\r\n	at org.apache.catalina.core.ApplicationFilterChain.doFilter(ApplicationFilterChain.java:166)\r\n	at com.alibaba.druid.support.http.WebStatFilter.doFilter(WebStatFilter.java:124)\r\n	at org.apache.catalina.core.ApplicationFilterChain.internalDoFilter(ApplicationFilterChain.java:193)\r\n	at org.apache.catalina.core.ApplicationFilterChain.doFilter(ApplicationFilterChain.java:166)\r\n	at org.springframework.security.web.FilterChainProxy$VirtualFilterChain.doFilter(FilterChainProxy.java:320)\r\n	at org.springframework.security.web.access.intercept.FilterSecurityInterceptor.invoke(FilterSecurityInterceptor.java:127)\r\n	at org.springframework.security.web.access.intercept.FilterSecurityInterceptor.doFilter(FilterSecurityInterceptor.java:91)\r\n	at org.springframework.security.web.FilterChainProxy$VirtualFilterChain.doFilter(FilterChainProxy.java:334)\r\n	at org.springframework.security.web.access.ExceptionTranslationFilter.doFilter(ExceptionTranslationFilter.java:119)\r\n	at org.springframework.security.web.FilterChainProxy$VirtualFilterChain.doFilter(FilterChainProxy.java:334)\r\n	at org.springframework.security.web.session.SessionManagementFilter.doFilter(SessionManagementFilter.java:137)\r\n	at org.springframework.security.web.FilterChainProxy$VirtualFilterChain.doFilter(FilterChainProxy.java:334)\r\n	at org.springframework.security.web.authentication.AnonymousAuthenticationFilter.doFilter(AnonymousAuthenticationFilter.java:111)\r\n	at org.springframework.security.web.FilterChainProxy$VirtualFilterChain.doFilter(FilterChainProxy.java:334)\r\n	at org.springframework.security.web.servletapi.SecurityContextHolderAwareRequestFilter.doFilter(SecurityContextHolderAwareRequestFilter.java:170)\r\n	at org.springframework.security.web.FilterChainProxy$VirtualFilterChain.doFilter(FilterChainProxy.java:334)\r\n	at org.springframework.security.web.savedrequest.RequestCacheAwareFilter.doFilter(RequestCacheAwareFilter.java:63)\r\n	at org.springframework.security.web.FilterChainProxy$VirtualFilterChain.doFilter(FilterChainProxy.java:334)\r\n	at me.zhengjie.modules.security.security.TokenFilter.doFilter(TokenFilter.java:90)\r\n	at org.springframework.security.web.FilterChainProxy$VirtualFilterChain.doFilter(FilterChainProxy.java:334)\r\n	at org.springframework.web.filter.CorsFilter.doFilterInternal(CorsFilter.java:96)\r\n	at org.springframework.web.filter.OncePerRequestFilter.doFilter(OncePerRequestFilter.java:107)\r\n	at org.springframework.security.web.FilterChainProxy$VirtualFilterChain.doFilter(FilterChainProxy.java:334)\r\n	at org.springframework.security.web.authentication.logout.LogoutFilter.doFilter(LogoutFilter.java:116)\r\n	at org.springframework.security.web.FilterChainProxy$VirtualFilterChain.doFilter(FilterChainProxy.java:334)\r\n	at org.springframework.security.web.header.HeaderWriterFilter.doFilterInternal(HeaderWriterFilter.java:66)\r\n	at org.springframework.web.filter.OncePerRequestFilter.doFilter(OncePerRequestFilter.java:107)\r\n	at org.springframework.security.web.FilterChainProxy$VirtualFilterChain.doFilter(FilterChainProxy.java:334)\r\n	at org.springframework.security.web.context.SecurityContextPersistenceFilter.doFilter(SecurityContextPersistenceFilter.java:105)\r\n	at org.springframework.security.web.FilterChainProxy$VirtualFilterChain.doFilter(FilterChainProxy.java:334)\r\n	at org.springframework.security.web.context.request.async.WebAsyncManagerIntegrationFilter.doFilterInternal(WebAsyncManagerIntegrationFilter.java:56)\r\n	at org.springframework.web.filter.OncePerRequestFilter.doFilter(OncePerRequestFilter.java:107)\r\n	at org.springframework.security.web.FilterChainProxy$VirtualFilterChain.doFilter(FilterChainProxy.java:334)\r\n	at org.springframework.security.web.FilterChainProxy.doFilterInternal(FilterChainProxy.java:215)\r\n	at org.springframework.security.web.FilterChainProxy.doFilter(FilterChainProxy.java:178)\r\n	at org.springframework.web.filter.DelegatingFilterProxy.invokeDelegate(DelegatingFilterProxy.java:357)\r\n	at org.springframework.web.filter.DelegatingFilterProxy.doFilter(DelegatingFilterProxy.java:270)\r\n	at org.apache.catalina.core.ApplicationFilterChain.internalDoFilter(ApplicationFilterChain.java:193)\r\n	at org.apache.catalina.core.ApplicationFilterChain.doFilter(ApplicationFilterChain.java:166)\r\n	at org.springframework.web.filter.CharacterEncodingFilter.doFilterInternal(CharacterEncodingFilter.java:200)\r\n	at org.springframework.web.filter.OncePerRequestFilter.doFilter(OncePerRequestFilter.java:107)\r\n	at org.apache.catalina.core.ApplicationFilterChain.internalDoFilter(ApplicationFilterChain.java:193)\r\n	at org.apache.catalina.core.ApplicationFilterChain.doFilter(ApplicationFilterChain.java:166)\r\n	at org.apache.catalina.core.StandardWrapperValve.invoke(StandardWrapperValve.java:199)\r\n	at org.apache.catalina.core.StandardContextValve.invoke(StandardContextValve.java:96)\r\n	at org.apache.catalina.authenticator.AuthenticatorBase.invoke(AuthenticatorBase.java:490)\r\n	at org.apache.catalina.core.StandardHostValve.invoke(StandardHostValve.java:139)\r\n	at org.apache.catalina.valves.ErrorReportValve.invoke(ErrorReportValve.java:92)\r\n	at org.apache.catalina.core.StandardEngineValve.invoke(StandardEngineValve.java:74)\r\n	at org.apache.catalina.connector.CoyoteAdapter.service(CoyoteAdapter.java:343)\r\n	at org.apache.coyote.http11.Http11Processor.service(Http11Processor.java:408)\r\n	at org.apache.coyote.AbstractProcessorLight.process(AbstractProcessorLight.java:66)\r\n	at org.apache.coyote.AbstractProtocol$ConnectionHandler.process(AbstractProtocol.java:770)\r\n	at org.apache.tomcat.util.net.NioEndpoint$SocketProcessor.doRun(NioEndpoint.java:1415)\r\n	at org.apache.tomcat.util.net.SocketProcessorBase.run(SocketProcessorBase.java:49)\r\n	at java.base/java.util.concurrent.ThreadPoolExecutor.runWorker(ThreadPoolExecutor.java:1128)\r\n	at java.base/java.util.concurrent.ThreadPoolExecutor$Worker.run(ThreadPoolExecutor.java:628)\r\n	at org.apache.tomcat.util.threads.TaskThread$WrappingRunnable.run(TaskThread.java:61)\r\n	at java.base/java.lang.Thread.run(Thread.java:834)\r\n', '2020-09-13 10:45:56');
INSERT INTO `sys_log` VALUES ('3550', 'з”ЁжҲ·зҷ»еҪ•', 'INFO', 'me.zhengjie.modules.security.rest.AuthorizationController.login()', '{{username=admin, password= ******} SecurityContextHolderAwareRequestWrapper[ FirewalledRequest[ org.apache.catalina.connector.RequestFacade@727c181c]]  }', '192.168.18.8', '191026', 'admin', 'еҶ…зҪ‘IP', 'Chrome 8', null, '2020-09-13 10:46:58');
INSERT INTO `sys_log` VALUES ('3551', 'з”ЁжҲ·зҷ»еҪ•', 'ERROR', 'me.zhengjie.modules.security.rest.AuthorizationController.login()', '{{username=admin, password= ******} SecurityContextHolderAwareRequestWrapper[ FirewalledRequest[ org.apache.catalina.connector.RequestFacade@727c181c]]  }', '192.168.18.8', '150', 'admin', 'еҶ…зҪ‘IP', 'Chrome 8', 'me.zhengjie.exception.BadRequestException: йӘҢиҜҒз Ғй”ҷиҜҜ\r\n	at me.zhengjie.modules.security.rest.AuthorizationController.login(AuthorizationController.java:88)\r\n	at me.zhengjie.modules.security.rest.AuthorizationController$$FastClassBySpringCGLIB$$f65d16c0.invoke(<generated>)\r\n	at org.springframework.cglib.proxy.MethodProxy.invoke(MethodProxy.java:218)\r\n	at org.springframework.aop.framework.CglibAopProxy$CglibMethodInvocation.invokeJoinpoint(CglibAopProxy.java:746)\r\n	at org.springframework.aop.framework.ReflectiveMethodInvocation.proceed(ReflectiveMethodInvocation.java:163)\r\n	at org.springframework.aop.aspectj.MethodInvocationProceedingJoinPoint.proceed(MethodInvocationProceedingJoinPoint.java:88)\r\n	at me.zhengjie.aspect.LogAspect.logAround(LogAspect.java:68)\r\n	at java.base/jdk.internal.reflect.NativeMethodAccessorImpl.invoke0(Native Method)\r\n	at java.base/jdk.internal.reflect.NativeMethodAccessorImpl.invoke(NativeMethodAccessorImpl.java:62)\r\n	at java.base/jdk.internal.reflect.DelegatingMethodAccessorImpl.invoke(DelegatingMethodAccessorImpl.java:43)\r\n	at java.base/java.lang.reflect.Method.invoke(Method.java:566)\r\n	at org.springframework.aop.aspectj.AbstractAspectJAdvice.invokeAdviceMethodWithGivenArgs(AbstractAspectJAdvice.java:644)\r\n	at org.springframework.aop.aspectj.AbstractAspectJAdvice.invokeAdviceMethod(AbstractAspectJAdvice.java:633)\r\n	at org.springframework.aop.aspectj.AspectJAroundAdvice.invoke(AspectJAroundAdvice.java:70)\r\n	at org.springframework.aop.framework.ReflectiveMethodInvocation.proceed(ReflectiveMethodInvocation.java:175)\r\n	at org.springframework.aop.aspectj.AspectJAfterThrowingAdvice.invoke(AspectJAfterThrowingAdvice.java:62)\r\n	at org.springframework.aop.framework.ReflectiveMethodInvocation.proceed(ReflectiveMethodInvocation.java:175)\r\n	at org.springframework.aop.interceptor.ExposeInvocationInterceptor.invoke(ExposeInvocationInterceptor.java:93)\r\n	at org.springframework.aop.framework.ReflectiveMethodInvocation.proceed(ReflectiveMethodInvocation.java:186)\r\n	at org.springframework.aop.framework.CglibAopProxy$DynamicAdvisedInterceptor.intercept(CglibAopProxy.java:688)\r\n	at me.zhengjie.modules.security.rest.AuthorizationController$$EnhancerBySpringCGLIB$$3fdbcb3e.login(<generated>)\r\n	at java.base/jdk.internal.reflect.NativeMethodAccessorImpl.invoke0(Native Method)\r\n	at java.base/jdk.internal.reflect.NativeMethodAccessorImpl.invoke(NativeMethodAccessorImpl.java:62)\r\n	at java.base/jdk.internal.reflect.DelegatingMethodAccessorImpl.invoke(DelegatingMethodAccessorImpl.java:43)\r\n	at java.base/java.lang.reflect.Method.invoke(Method.java:566)\r\n	at org.springframework.web.method.support.InvocableHandlerMethod.doInvoke(InvocableHandlerMethod.java:215)\r\n	at org.springframework.web.method.support.InvocableHandlerMethod.invokeForRequest(InvocableHandlerMethod.java:142)\r\n	at org.springframework.web.servlet.mvc.method.annotation.ServletInvocableHandlerMethod.invokeAndHandle(ServletInvocableHandlerMethod.java:102)\r\n	at org.springframework.web.servlet.mvc.method.annotation.RequestMappingHandlerAdapter.invokeHandlerMethod(RequestMappingHandlerAdapter.java:895)\r\n	at org.springframework.web.servlet.mvc.method.annotation.RequestMappingHandlerAdapter.handleInternal(RequestMappingHandlerAdapter.java:800)\r\n	at org.springframework.web.servlet.mvc.method.AbstractHandlerMethodAdapter.handle(AbstractHandlerMethodAdapter.java:87)\r\n	at org.springframework.web.servlet.DispatcherServlet.doDispatch(DispatcherServlet.java:1038)\r\n	at org.springframework.web.servlet.DispatcherServlet.doService(DispatcherServlet.java:942)\r\n	at org.springframework.web.servlet.FrameworkServlet.processRequest(FrameworkServlet.java:998)\r\n	at org.springframework.web.servlet.FrameworkServlet.doPost(FrameworkServlet.java:901)\r\n	at javax.servlet.http.HttpServlet.service(HttpServlet.java:660)\r\n	at org.springframework.web.servlet.FrameworkServlet.service(FrameworkServlet.java:875)\r\n	at javax.servlet.http.HttpServlet.service(HttpServlet.java:741)\r\n	at org.apache.catalina.core.ApplicationFilterChain.internalDoFilter(ApplicationFilterChain.java:231)\r\n	at org.apache.catalina.core.ApplicationFilterChain.doFilter(ApplicationFilterChain.java:166)\r\n	at org.apache.tomcat.websocket.server.WsFilter.doFilter(WsFilter.java:53)\r\n	at org.apache.catalina.core.ApplicationFilterChain.internalDoFilter(ApplicationFilterChain.java:193)\r\n	at org.apache.catalina.core.ApplicationFilterChain.doFilter(ApplicationFilterChain.java:166)\r\n	at org.springframework.web.filter.OncePerRequestFilter.doFilter(OncePerRequestFilter.java:101)\r\n	at org.apache.catalina.core.ApplicationFilterChain.internalDoFilter(ApplicationFilterChain.java:193)\r\n	at org.apache.catalina.core.ApplicationFilterChain.doFilter(ApplicationFilterChain.java:166)\r\n	at com.alibaba.druid.support.http.WebStatFilter.doFilter(WebStatFilter.java:124)\r\n	at org.apache.catalina.core.ApplicationFilterChain.internalDoFilter(ApplicationFilterChain.java:193)\r\n	at org.apache.catalina.core.ApplicationFilterChain.doFilter(ApplicationFilterChain.java:166)\r\n	at org.springframework.security.web.FilterChainProxy$VirtualFilterChain.doFilter(FilterChainProxy.java:320)\r\n	at org.springframework.security.web.access.intercept.FilterSecurityInterceptor.invoke(FilterSecurityInterceptor.java:127)\r\n	at org.springframework.security.web.access.intercept.FilterSecurityInterceptor.doFilter(FilterSecurityInterceptor.java:91)\r\n	at org.springframework.security.web.FilterChainProxy$VirtualFilterChain.doFilter(FilterChainProxy.java:334)\r\n	at org.springframework.security.web.access.ExceptionTranslationFilter.doFilter(ExceptionTranslationFilter.java:119)\r\n	at org.springframework.security.web.FilterChainProxy$VirtualFilterChain.doFilter(FilterChainProxy.java:334)\r\n	at org.springframework.security.web.session.SessionManagementFilter.doFilter(SessionManagementFilter.java:137)\r\n	at org.springframework.security.web.FilterChainProxy$VirtualFilterChain.doFilter(FilterChainProxy.java:334)\r\n	at org.springframework.security.web.authentication.AnonymousAuthenticationFilter.doFilter(AnonymousAuthenticationFilter.java:111)\r\n	at org.springframework.security.web.FilterChainProxy$VirtualFilterChain.doFilter(FilterChainProxy.java:334)\r\n	at org.springframework.security.web.servletapi.SecurityContextHolderAwareRequestFilter.doFilter(SecurityContextHolderAwareRequestFilter.java:170)\r\n	at org.springframework.security.web.FilterChainProxy$VirtualFilterChain.doFilter(FilterChainProxy.java:334)\r\n	at org.springframework.security.web.savedrequest.RequestCacheAwareFilter.doFilter(RequestCacheAwareFilter.java:63)\r\n	at org.springframework.security.web.FilterChainProxy$VirtualFilterChain.doFilter(FilterChainProxy.java:334)\r\n	at me.zhengjie.modules.security.security.TokenFilter.doFilter(TokenFilter.java:90)\r\n	at org.springframework.security.web.FilterChainProxy$VirtualFilterChain.doFilter(FilterChainProxy.java:334)\r\n	at org.springframework.web.filter.CorsFilter.doFilterInternal(CorsFilter.java:96)\r\n	at org.springframework.web.filter.OncePerRequestFilter.doFilter(OncePerRequestFilter.java:107)\r\n	at org.springframework.security.web.FilterChainProxy$VirtualFilterChain.doFilter(FilterChainProxy.java:334)\r\n	at org.springframework.security.web.authentication.logout.LogoutFilter.doFilter(LogoutFilter.java:116)\r\n	at org.springframework.security.web.FilterChainProxy$VirtualFilterChain.doFilter(FilterChainProxy.java:334)\r\n	at org.springframework.security.web.header.HeaderWriterFilter.doFilterInternal(HeaderWriterFilter.java:66)\r\n	at org.springframework.web.filter.OncePerRequestFilter.doFilter(OncePerRequestFilter.java:107)\r\n	at org.springframework.security.web.FilterChainProxy$VirtualFilterChain.doFilter(FilterChainProxy.java:334)\r\n	at org.springframework.security.web.context.SecurityContextPersistenceFilter.doFilter(SecurityContextPersistenceFilter.java:105)\r\n	at org.springframework.security.web.FilterChainProxy$VirtualFilterChain.doFilter(FilterChainProxy.java:334)\r\n	at org.springframework.security.web.context.request.async.WebAsyncManagerIntegrationFilter.doFilterInternal(WebAsyncManagerIntegrationFilter.java:56)\r\n	at org.springframework.web.filter.OncePerRequestFilter.doFilter(OncePerRequestFilter.java:107)\r\n	at org.springframework.security.web.FilterChainProxy$VirtualFilterChain.doFilter(FilterChainProxy.java:334)\r\n	at org.springframework.security.web.FilterChainProxy.doFilterInternal(FilterChainProxy.java:215)\r\n	at org.springframework.security.web.FilterChainProxy.doFilter(FilterChainProxy.java:178)\r\n	at org.springframework.web.filter.DelegatingFilterProxy.invokeDelegate(DelegatingFilterProxy.java:357)\r\n	at org.springframework.web.filter.DelegatingFilterProxy.doFilter(DelegatingFilterProxy.java:270)\r\n	at org.apache.catalina.core.ApplicationFilterChain.internalDoFilter(ApplicationFilterChain.java:193)\r\n	at org.apache.catalina.core.ApplicationFilterChain.doFilter(ApplicationFilterChain.java:166)\r\n	at org.springframework.web.filter.CharacterEncodingFilter.doFilterInternal(CharacterEncodingFilter.java:200)\r\n	at org.springframework.web.filter.OncePerRequestFilter.doFilter(OncePerRequestFilter.java:107)\r\n	at org.apache.catalina.core.ApplicationFilterChain.internalDoFilter(ApplicationFilterChain.java:193)\r\n	at org.apache.catalina.core.ApplicationFilterChain.doFilter(ApplicationFilterChain.java:166)\r\n	at org.apache.catalina.core.StandardWrapperValve.invoke(StandardWrapperValve.java:199)\r\n	at org.apache.catalina.core.StandardContextValve.invoke(StandardContextValve.java:96)\r\n	at org.apache.catalina.authenticator.AuthenticatorBase.invoke(AuthenticatorBase.java:490)\r\n	at org.apache.catalina.core.StandardHostValve.invoke(StandardHostValve.java:139)\r\n	at org.apache.catalina.valves.ErrorReportValve.invoke(ErrorReportValve.java:92)\r\n	at org.apache.catalina.core.StandardEngineValve.invoke(StandardEngineValve.java:74)\r\n	at org.apache.catalina.connector.CoyoteAdapter.service(CoyoteAdapter.java:343)\r\n	at org.apache.coyote.http11.Http11Processor.service(Http11Processor.java:408)\r\n	at org.apache.coyote.AbstractProcessorLight.process(AbstractProcessorLight.java:66)\r\n	at org.apache.coyote.AbstractProtocol$ConnectionHandler.process(AbstractProtocol.java:770)\r\n	at org.apache.tomcat.util.net.NioEndpoint$SocketProcessor.doRun(NioEndpoint.java:1415)\r\n	at org.apache.tomcat.util.net.SocketProcessorBase.run(SocketProcessorBase.java:49)\r\n	at java.base/java.util.concurrent.ThreadPoolExecutor.runWorker(ThreadPoolExecutor.java:1128)\r\n	at java.base/java.util.concurrent.ThreadPoolExecutor$Worker.run(ThreadPoolExecutor.java:628)\r\n	at org.apache.tomcat.util.threads.TaskThread$WrappingRunnable.run(TaskThread.java:61)\r\n	at java.base/java.lang.Thread.run(Thread.java:834)\r\n', '2020-09-13 10:48:48');
INSERT INTO `sys_log` VALUES ('3552', 'з”ЁжҲ·зҷ»еҪ•', 'INFO', 'me.zhengjie.modules.security.rest.AuthorizationController.login()', '{{username=admin, password= ******} SecurityContextHolderAwareRequestWrapper[ FirewalledRequest[ org.apache.catalina.connector.RequestFacade@727c181c]]  }', '192.168.18.8', '25910', 'admin', 'еҶ…зҪ‘IP', 'Chrome 8', null, '2020-09-13 10:50:48');

-- ----------------------------
-- Table structure for sys_menu
-- ----------------------------
DROP TABLE IF EXISTS `sys_menu`;
CREATE TABLE `sys_menu` (
  `menu_id` bigint(20) NOT NULL AUTO_INCREMENT COMMENT 'ID',
  `pid` bigint(20) DEFAULT NULL COMMENT 'дёҠзә§иҸңеҚ•ID',
  `sub_count` int(5) DEFAULT '0' COMMENT 'еӯҗиҸңеҚ•ж•°зӣ®',
  `type` int(11) DEFAULT NULL COMMENT 'иҸңеҚ•зұ»еһӢ',
  `title` varchar(255) DEFAULT NULL COMMENT 'иҸңеҚ•ж Үйўҳ',
  `name` varchar(255) DEFAULT NULL COMMENT 'з»„д»¶еҗҚз§°',
  `component` varchar(255) DEFAULT NULL COMMENT 'з»„д»¶',
  `menu_sort` int(5) DEFAULT NULL COMMENT 'жҺ’еәҸ',
  `icon` varchar(255) DEFAULT NULL COMMENT 'еӣҫж Ү',
  `path` varchar(255) DEFAULT NULL COMMENT 'й“ҫжҺҘең°еқҖ',
  `i_frame` bit(1) DEFAULT NULL COMMENT 'жҳҜеҗҰеӨ–й“ҫ',
  `cache` bit(1) DEFAULT b'0' COMMENT 'зј“еӯҳ',
  `hidden` bit(1) DEFAULT b'0' COMMENT 'йҡҗи—Ҹ',
  `permission` varchar(255) DEFAULT NULL COMMENT 'жқғйҷҗ',
  `create_by` varchar(255) DEFAULT NULL COMMENT 'еҲӣе»әиҖ…',
  `update_by` varchar(255) DEFAULT NULL COMMENT 'жӣҙж–°иҖ…',
  `create_time` datetime DEFAULT NULL COMMENT 'еҲӣе»әж—Ҙжңҹ',
  `update_time` datetime DEFAULT NULL COMMENT 'жӣҙж–°ж—¶й—ҙ',
  PRIMARY KEY (`menu_id`) USING BTREE,
  UNIQUE KEY `uniq_title` (`title`),
  UNIQUE KEY `uniq_name` (`name`),
  KEY `inx_pid` (`pid`)
) ENGINE=InnoDB AUTO_INCREMENT=117 DEFAULT CHARSET=utf8 ROW_FORMAT=COMPACT COMMENT='зі»з»ҹиҸңеҚ•';

-- ----------------------------
-- Records of sys_menu
-- ----------------------------
INSERT INTO `sys_menu` VALUES ('1', null, '7', '0', 'зі»з»ҹз®ЎзҗҶ', null, null, '1', 'system', 'system', '\0', '\0', '\0', null, null, null, '2018-12-18 15:11:29', null);
INSERT INTO `sys_menu` VALUES ('2', '1', '3', '1', 'з”ЁжҲ·з®ЎзҗҶ', 'User', 'system/user/index', '2', 'peoples', 'user', '\0', '\0', '\0', 'user:list', null, null, '2018-12-18 15:14:44', null);
INSERT INTO `sys_menu` VALUES ('3', '1', '3', '1', 'и§’иүІз®ЎзҗҶ', 'Role', 'system/role/index', '3', 'role', 'role', '\0', '\0', '\0', 'roles:list', null, null, '2018-12-18 15:16:07', null);
INSERT INTO `sys_menu` VALUES ('5', '1', '3', '1', 'иҸңеҚ•з®ЎзҗҶ', 'Menu', 'system/menu/index', '5', 'menu', 'menu', '\0', '\0', '\0', 'menu:list', null, null, '2018-12-18 15:17:28', null);
INSERT INTO `sys_menu` VALUES ('6', null, '5', '0', 'зі»з»ҹзӣ‘жҺ§', null, null, '10', 'monitor', 'monitor', '\0', '\0', '\0', null, null, null, '2018-12-18 15:17:48', null);
INSERT INTO `sys_menu` VALUES ('7', '6', '0', '1', 'ж“ҚдҪңж—Ҙеҝ—', 'Log', 'monitor/log/index', '11', 'log', 'logs', '\0', '', '\0', null, null, 'admin', '2018-12-18 15:18:26', '2020-06-06 13:11:57');
INSERT INTO `sys_menu` VALUES ('9', '6', '0', '1', 'SQLзӣ‘жҺ§', 'Sql', 'monitor/sql/index', '18', 'sqlMonitor', 'druid', '\0', '\0', '\0', null, null, null, '2018-12-18 15:19:34', null);
INSERT INTO `sys_menu` VALUES ('10', null, '5', '0', 'з»„д»¶з®ЎзҗҶ', null, null, '50', 'zujian', 'components', '\0', '\0', '\0', null, null, null, '2018-12-19 13:38:16', null);
INSERT INTO `sys_menu` VALUES ('11', '10', '0', '1', 'еӣҫж Үеә“', 'Icons', 'components/icons/index', '51', 'icon', 'icon', '\0', '\0', '\0', null, null, null, '2018-12-19 13:38:49', null);
INSERT INTO `sys_menu` VALUES ('14', '36', '0', '1', 'йӮ®д»¶е·Ҙе…·', 'Email', 'tools/email/index', '35', 'email', 'email', '\0', '\0', '\0', null, null, null, '2018-12-27 10:13:09', null);
INSERT INTO `sys_menu` VALUES ('15', '10', '0', '1', 'еҜҢж–Үжң¬', 'Editor', 'components/Editor', '52', 'fwb', 'tinymce', '\0', '\0', '\0', null, null, null, '2018-12-27 11:58:25', null);
INSERT INTO `sys_menu` VALUES ('18', '36', '3', '1', 'еӯҳеӮЁз®ЎзҗҶ', 'Storage', 'tools/storage/index', '34', 'qiniu', 'storage', '\0', '\0', '\0', 'storage:list', null, null, '2018-12-31 11:12:15', null);
INSERT INTO `sys_menu` VALUES ('19', '36', '0', '1', 'ж”Ҝд»ҳе®қе·Ҙе…·', 'AliPay', 'tools/aliPay/index', '37', 'alipay', 'aliPay', '\0', '\0', '\0', null, null, null, '2018-12-31 14:52:38', null);
INSERT INTO `sys_menu` VALUES ('21', null, '2', '0', 'еӨҡзә§иҸңеҚ•', null, '', '900', 'menu', 'nested', '\0', '\0', '\0', null, null, 'admin', '2019-01-04 16:22:03', '2020-06-21 17:27:35');
INSERT INTO `sys_menu` VALUES ('22', '21', '2', '1', 'дәҢзә§иҸңеҚ•1', null, 'nested/menu1/index', '999', 'menu', 'menu1', '\0', '\0', '\0', null, null, 'admin', '2019-01-04 16:23:29', '2020-06-21 17:27:20');
INSERT INTO `sys_menu` VALUES ('23', '21', '0', '1', 'дәҢзә§иҸңеҚ•2', null, 'nested/menu2/index', '999', 'menu', 'menu2', '\0', '\0', '\0', null, null, null, '2019-01-04 16:23:57', null);
INSERT INTO `sys_menu` VALUES ('24', '22', '0', '1', 'дёүзә§иҸңеҚ•1', null, 'nested/menu1/menu1-1', '999', 'menu', 'menu1-1', '\0', '\0', '\0', null, null, null, '2019-01-04 16:24:48', null);
INSERT INTO `sys_menu` VALUES ('27', '22', '0', '1', 'дёүзә§иҸңеҚ•2', null, 'nested/menu1/menu1-2', '999', 'menu', 'menu1-2', '\0', '\0', '\0', null, null, null, '2019-01-07 17:27:32', null);
INSERT INTO `sys_menu` VALUES ('28', '1', '3', '1', 'д»»еҠЎи°ғеәҰ', 'Timing', 'system/timing/index', '999', 'timing', 'timing', '\0', '\0', '\0', 'timing:list', null, null, '2019-01-07 20:34:40', null);
INSERT INTO `sys_menu` VALUES ('30', '36', '0', '1', 'д»Јз Ғз”ҹжҲҗ', 'GeneratorIndex', 'generator/index', '32', 'dev', 'generator', '\0', '', '\0', null, null, null, '2019-01-11 15:45:55', null);
INSERT INTO `sys_menu` VALUES ('32', '6', '0', '1', 'ејӮеёёж—Ҙеҝ—', 'ErrorLog', 'monitor/log/errorLog', '12', 'error', 'errorLog', '\0', '\0', '\0', null, null, null, '2019-01-13 13:49:03', null);
INSERT INTO `sys_menu` VALUES ('33', '10', '0', '1', 'Markdown', 'Markdown', 'components/MarkDown', '53', 'markdown', 'markdown', '\0', '\0', '\0', null, null, null, '2019-03-08 13:46:44', null);
INSERT INTO `sys_menu` VALUES ('34', '10', '0', '1', 'Yamlзј–иҫ‘еҷЁ', 'YamlEdit', 'components/YamlEdit', '54', 'dev', 'yaml', '\0', '\0', '\0', null, null, null, '2019-03-08 15:49:40', null);
INSERT INTO `sys_menu` VALUES ('35', '1', '3', '1', 'йғЁй—Ёз®ЎзҗҶ', 'Dept', 'system/dept/index', '6', 'dept', 'dept', '\0', '\0', '\0', 'dept:list', null, null, '2019-03-25 09:46:00', null);
INSERT INTO `sys_menu` VALUES ('36', null, '7', '0', 'зі»з»ҹе·Ҙе…·', null, '', '30', 'sys-tools', 'sys-tools', '\0', '\0', '\0', null, null, null, '2019-03-29 10:57:35', null);
INSERT INTO `sys_menu` VALUES ('37', '1', '3', '1', 'еІ—дҪҚз®ЎзҗҶ', 'Job', 'system/job/index', '7', 'Steve-Jobs', 'job', '\0', '\0', '\0', 'job:list', null, null, '2019-03-29 13:51:18', null);
INSERT INTO `sys_menu` VALUES ('38', '36', '0', '1', 'жҺҘеҸЈж–ҮжЎЈ', 'Swagger', 'tools/swagger/index', '36', 'swagger', 'swagger2', '\0', '\0', '\0', null, null, null, '2019-03-29 19:57:53', null);
INSERT INTO `sys_menu` VALUES ('39', '1', '3', '1', 'еӯ—е…ёз®ЎзҗҶ', 'Dict', 'system/dict/index', '8', 'dictionary', 'dict', '\0', '\0', '\0', 'dict:list', null, null, '2019-04-10 11:49:04', null);
INSERT INTO `sys_menu` VALUES ('41', '6', '0', '1', 'еңЁзәҝз”ЁжҲ·', 'OnlineUser', 'monitor/online/index', '10', 'Steve-Jobs', 'online', '\0', '\0', '\0', null, null, null, '2019-10-26 22:08:43', null);
INSERT INTO `sys_menu` VALUES ('44', '2', '0', '2', 'з”ЁжҲ·ж–°еўһ', null, '', '2', '', '', '\0', '\0', '\0', 'user:add', null, null, '2019-10-29 10:59:46', null);
INSERT INTO `sys_menu` VALUES ('45', '2', '0', '2', 'з”ЁжҲ·зј–иҫ‘', null, '', '3', '', '', '\0', '\0', '\0', 'user:edit', null, null, '2019-10-29 11:00:08', null);
INSERT INTO `sys_menu` VALUES ('46', '2', '0', '2', 'з”ЁжҲ·еҲ йҷӨ', null, '', '4', '', '', '\0', '\0', '\0', 'user:del', null, null, '2019-10-29 11:00:23', null);
INSERT INTO `sys_menu` VALUES ('48', '3', '0', '2', 'и§’иүІеҲӣе»ә', null, '', '2', '', '', '\0', '\0', '\0', 'roles:add', null, null, '2019-10-29 12:45:34', null);
INSERT INTO `sys_menu` VALUES ('49', '3', '0', '2', 'и§’иүІдҝ®ж”№', null, '', '3', '', '', '\0', '\0', '\0', 'roles:edit', null, null, '2019-10-29 12:46:16', null);
INSERT INTO `sys_menu` VALUES ('50', '3', '0', '2', 'и§’иүІеҲ йҷӨ', null, '', '4', '', '', '\0', '\0', '\0', 'roles:del', null, null, '2019-10-29 12:46:51', null);
INSERT INTO `sys_menu` VALUES ('52', '5', '0', '2', 'иҸңеҚ•ж–°еўһ', null, '', '2', '', '', '\0', '\0', '\0', 'menu:add', null, null, '2019-10-29 12:55:07', null);
INSERT INTO `sys_menu` VALUES ('53', '5', '0', '2', 'иҸңеҚ•зј–иҫ‘', null, '', '3', '', '', '\0', '\0', '\0', 'menu:edit', null, null, '2019-10-29 12:55:40', null);
INSERT INTO `sys_menu` VALUES ('54', '5', '0', '2', 'иҸңеҚ•еҲ йҷӨ', null, '', '4', '', '', '\0', '\0', '\0', 'menu:del', null, null, '2019-10-29 12:56:00', null);
INSERT INTO `sys_menu` VALUES ('56', '35', '0', '2', 'йғЁй—Ёж–°еўһ', null, '', '2', '', '', '\0', '\0', '\0', 'dept:add', null, null, '2019-10-29 12:57:09', null);
INSERT INTO `sys_menu` VALUES ('57', '35', '0', '2', 'йғЁй—Ёзј–иҫ‘', null, '', '3', '', '', '\0', '\0', '\0', 'dept:edit', null, null, '2019-10-29 12:57:27', null);
INSERT INTO `sys_menu` VALUES ('58', '35', '0', '2', 'йғЁй—ЁеҲ йҷӨ', null, '', '4', '', '', '\0', '\0', '\0', 'dept:del', null, null, '2019-10-29 12:57:41', null);
INSERT INTO `sys_menu` VALUES ('60', '37', '0', '2', 'еІ—дҪҚж–°еўһ', null, '', '2', '', '', '\0', '\0', '\0', 'job:add', null, null, '2019-10-29 12:58:27', null);
INSERT INTO `sys_menu` VALUES ('61', '37', '0', '2', 'еІ—дҪҚзј–иҫ‘', null, '', '3', '', '', '\0', '\0', '\0', 'job:edit', null, null, '2019-10-29 12:58:45', null);
INSERT INTO `sys_menu` VALUES ('62', '37', '0', '2', 'еІ—дҪҚеҲ йҷӨ', null, '', '4', '', '', '\0', '\0', '\0', 'job:del', null, null, '2019-10-29 12:59:04', null);
INSERT INTO `sys_menu` VALUES ('64', '39', '0', '2', 'еӯ—е…ёж–°еўһ', null, '', '2', '', '', '\0', '\0', '\0', 'dict:add', null, null, '2019-10-29 13:00:17', null);
INSERT INTO `sys_menu` VALUES ('65', '39', '0', '2', 'еӯ—е…ёзј–иҫ‘', null, '', '3', '', '', '\0', '\0', '\0', 'dict:edit', null, null, '2019-10-29 13:00:42', null);
INSERT INTO `sys_menu` VALUES ('66', '39', '0', '2', 'еӯ—е…ёеҲ йҷӨ', null, '', '4', '', '', '\0', '\0', '\0', 'dict:del', null, null, '2019-10-29 13:00:59', null);
INSERT INTO `sys_menu` VALUES ('73', '28', '0', '2', 'д»»еҠЎж–°еўһ', null, '', '2', '', '', '\0', '\0', '\0', 'timing:add', null, null, '2019-10-29 13:07:28', null);
INSERT INTO `sys_menu` VALUES ('74', '28', '0', '2', 'д»»еҠЎзј–иҫ‘', null, '', '3', '', '', '\0', '\0', '\0', 'timing:edit', null, null, '2019-10-29 13:07:41', null);
INSERT INTO `sys_menu` VALUES ('75', '28', '0', '2', 'д»»еҠЎеҲ йҷӨ', null, '', '4', '', '', '\0', '\0', '\0', 'timing:del', null, null, '2019-10-29 13:07:54', null);
INSERT INTO `sys_menu` VALUES ('77', '18', '0', '2', 'дёҠдј ж–Үд»¶', null, '', '2', '', '', '\0', '\0', '\0', 'storage:add', null, null, '2019-10-29 13:09:09', null);
INSERT INTO `sys_menu` VALUES ('78', '18', '0', '2', 'ж–Үд»¶зј–иҫ‘', null, '', '3', '', '', '\0', '\0', '\0', 'storage:edit', null, null, '2019-10-29 13:09:22', null);
INSERT INTO `sys_menu` VALUES ('79', '18', '0', '2', 'ж–Үд»¶еҲ йҷӨ', null, '', '4', '', '', '\0', '\0', '\0', 'storage:del', null, null, '2019-10-29 13:09:34', null);
INSERT INTO `sys_menu` VALUES ('80', '6', '0', '1', 'жңҚеҠЎзӣ‘жҺ§', 'ServerMonitor', 'monitor/server/index', '14', 'codeConsole', 'server', '\0', '\0', '\0', 'monitor:list', null, 'admin', '2019-11-07 13:06:39', '2020-05-04 18:20:50');
INSERT INTO `sys_menu` VALUES ('82', '36', '0', '1', 'з”ҹжҲҗй…ҚзҪ®', 'GeneratorConfig', 'generator/config', '33', 'dev', 'generator/config/:tableName', '\0', '', '', '', null, null, '2019-11-17 20:08:56', null);
INSERT INTO `sys_menu` VALUES ('83', '10', '0', '1', 'еӣҫиЎЁеә“', 'Echarts', 'components/Echarts', '50', 'chart', 'echarts', '\0', '', '\0', '', null, null, '2019-11-21 09:04:32', null);
INSERT INTO `sys_menu` VALUES ('90', null, '5', '1', 'иҝҗз»ҙз®ЎзҗҶ', 'Mnt', '', '20', 'mnt', 'mnt', '\0', '\0', '\0', null, null, null, '2019-11-09 10:31:08', null);
INSERT INTO `sys_menu` VALUES ('92', '90', '3', '1', 'жңҚеҠЎеҷЁ', 'ServerDeploy', 'mnt/server/index', '22', 'server', 'mnt/serverDeploy', '\0', '\0', '\0', 'serverDeploy:list', null, null, '2019-11-10 10:29:25', null);
INSERT INTO `sys_menu` VALUES ('93', '90', '3', '1', 'еә”з”Ёз®ЎзҗҶ', 'App', 'mnt/app/index', '23', 'app', 'mnt/app', '\0', '\0', '\0', 'app:list', null, null, '2019-11-10 11:05:16', null);
INSERT INTO `sys_menu` VALUES ('94', '90', '3', '1', 'йғЁзҪІз®ЎзҗҶ', 'Deploy', 'mnt/deploy/index', '24', 'deploy', 'mnt/deploy', '\0', '\0', '\0', 'deploy:list', null, null, '2019-11-10 15:56:55', null);
INSERT INTO `sys_menu` VALUES ('97', '90', '1', '1', 'йғЁзҪІеӨҮд»Ҫ', 'DeployHistory', 'mnt/deployHistory/index', '25', 'backup', 'mnt/deployHistory', '\0', '\0', '\0', 'deployHistory:list', null, null, '2019-11-10 16:49:44', null);
INSERT INTO `sys_menu` VALUES ('98', '90', '3', '1', 'ж•°жҚ®еә“з®ЎзҗҶ', 'Database', 'mnt/database/index', '26', 'database', 'mnt/database', '\0', '\0', '\0', 'database:list', null, null, '2019-11-10 20:40:04', null);
INSERT INTO `sys_menu` VALUES ('102', '97', '0', '2', 'еҲ йҷӨ', null, '', '999', '', '', '\0', '\0', '\0', 'deployHistory:del', null, null, '2019-11-17 09:32:48', null);
INSERT INTO `sys_menu` VALUES ('103', '92', '0', '2', 'жңҚеҠЎеҷЁж–°еўһ', null, '', '999', '', '', '\0', '\0', '\0', 'serverDeploy:add', null, null, '2019-11-17 11:08:33', null);
INSERT INTO `sys_menu` VALUES ('104', '92', '0', '2', 'жңҚеҠЎеҷЁзј–иҫ‘', null, '', '999', '', '', '\0', '\0', '\0', 'serverDeploy:edit', null, null, '2019-11-17 11:08:57', null);
INSERT INTO `sys_menu` VALUES ('105', '92', '0', '2', 'жңҚеҠЎеҷЁеҲ йҷӨ', null, '', '999', '', '', '\0', '\0', '\0', 'serverDeploy:del', null, null, '2019-11-17 11:09:15', null);
INSERT INTO `sys_menu` VALUES ('106', '93', '0', '2', 'еә”з”Ёж–°еўһ', null, '', '999', '', '', '\0', '\0', '\0', 'app:add', null, null, '2019-11-17 11:10:03', null);
INSERT INTO `sys_menu` VALUES ('107', '93', '0', '2', 'еә”з”Ёзј–иҫ‘', null, '', '999', '', '', '\0', '\0', '\0', 'app:edit', null, null, '2019-11-17 11:10:28', null);
INSERT INTO `sys_menu` VALUES ('108', '93', '0', '2', 'еә”з”ЁеҲ йҷӨ', null, '', '999', '', '', '\0', '\0', '\0', 'app:del', null, null, '2019-11-17 11:10:55', null);
INSERT INTO `sys_menu` VALUES ('109', '94', '0', '2', 'йғЁзҪІж–°еўһ', null, '', '999', '', '', '\0', '\0', '\0', 'deploy:add', null, null, '2019-11-17 11:11:22', null);
INSERT INTO `sys_menu` VALUES ('110', '94', '0', '2', 'йғЁзҪІзј–иҫ‘', null, '', '999', '', '', '\0', '\0', '\0', 'deploy:edit', null, null, '2019-11-17 11:11:41', null);
INSERT INTO `sys_menu` VALUES ('111', '94', '0', '2', 'йғЁзҪІеҲ йҷӨ', null, '', '999', '', '', '\0', '\0', '\0', 'deploy:del', null, null, '2019-11-17 11:12:01', null);
INSERT INTO `sys_menu` VALUES ('112', '98', '0', '2', 'ж•°жҚ®еә“ж–°еўһ', null, '', '999', '', '', '\0', '\0', '\0', 'database:add', null, null, '2019-11-17 11:12:43', null);
INSERT INTO `sys_menu` VALUES ('113', '98', '0', '2', 'ж•°жҚ®еә“зј–иҫ‘', null, '', '999', '', '', '\0', '\0', '\0', 'database:edit', null, null, '2019-11-17 11:12:58', null);
INSERT INTO `sys_menu` VALUES ('114', '98', '0', '2', 'ж•°жҚ®еә“еҲ йҷӨ', null, '', '999', '', '', '\0', '\0', '\0', 'database:del', null, null, '2019-11-17 11:13:14', null);
INSERT INTO `sys_menu` VALUES ('116', '36', '0', '1', 'з”ҹжҲҗйў„и§Ҳ', 'Preview', 'generator/preview', '999', 'java', 'generator/preview/:tableName', '\0', '', '', null, null, null, '2019-11-26 14:54:36', null);

-- ----------------------------
-- Table structure for sys_quartz_job
-- ----------------------------
DROP TABLE IF EXISTS `sys_quartz_job`;
CREATE TABLE `sys_quartz_job` (
  `job_id` bigint(20) NOT NULL AUTO_INCREMENT COMMENT 'ID',
  `bean_name` varchar(255) DEFAULT NULL COMMENT 'Spring BeanеҗҚз§°',
  `cron_expression` varchar(255) DEFAULT NULL COMMENT 'cron иЎЁиҫҫејҸ',
  `is_pause` bit(1) DEFAULT NULL COMMENT 'зҠ¶жҖҒпјҡ1жҡӮеҒңгҖҒ0еҗҜз”Ё',
  `job_name` varchar(255) DEFAULT NULL COMMENT 'д»»еҠЎеҗҚз§°',
  `method_name` varchar(255) DEFAULT NULL COMMENT 'ж–№жі•еҗҚз§°',
  `params` varchar(255) DEFAULT NULL COMMENT 'еҸӮж•°',
  `description` varchar(255) DEFAULT NULL COMMENT 'еӨҮжіЁ',
  `person_in_charge` varchar(100) DEFAULT NULL COMMENT 'иҙҹиҙЈдәә',
  `email` varchar(100) DEFAULT NULL COMMENT 'жҠҘиӯҰйӮ®з®ұ',
  `sub_task` varchar(100) DEFAULT NULL COMMENT 'еӯҗд»»еҠЎID',
  `pause_after_failure` bit(1) DEFAULT NULL COMMENT 'д»»еҠЎеӨұиҙҘеҗҺжҳҜеҗҰжҡӮеҒң',
  `create_by` varchar(255) DEFAULT NULL COMMENT 'еҲӣе»әиҖ…',
  `update_by` varchar(255) DEFAULT NULL COMMENT 'жӣҙж–°иҖ…',
  `create_time` datetime DEFAULT NULL COMMENT 'еҲӣе»әж—Ҙжңҹ',
  `update_time` datetime DEFAULT NULL COMMENT 'жӣҙж–°ж—¶й—ҙ',
  PRIMARY KEY (`job_id`) USING BTREE,
  KEY `inx_is_pause` (`is_pause`)
) ENGINE=InnoDB AUTO_INCREMENT=7 DEFAULT CHARSET=utf8 ROW_FORMAT=COMPACT COMMENT='е®ҡж—¶д»»еҠЎ';

-- ----------------------------
-- Records of sys_quartz_job
-- ----------------------------
INSERT INTO `sys_quartz_job` VALUES ('2', 'testTask', '0/5 * * * * ?', '', 'жөӢиҜ•1', 'run1', 'test', 'еёҰеҸӮжөӢиҜ•пјҢеӨҡеҸӮдҪҝз”Ёjson', 'жөӢиҜ•', null, null, null, null, 'admin', '2019-08-22 14:08:29', '2020-05-24 13:58:33');
INSERT INTO `sys_quartz_job` VALUES ('3', 'testTask', '0/5 * * * * ?', '', 'жөӢиҜ•', 'run', '', 'дёҚеёҰеҸӮжөӢиҜ•', 'Zheng Jie', '', '5,6', '', null, 'admin', '2019-09-26 16:44:39', '2020-05-24 14:48:12');
INSERT INTO `sys_quartz_job` VALUES ('5', 'Test', '0/5 * * * * ?', '', 'д»»еҠЎе‘ҠиӯҰжөӢиҜ•', 'run', null, 'жөӢиҜ•', 'test', '', null, '', 'admin', 'admin', '2020-05-05 20:32:41', '2020-05-05 20:36:13');
INSERT INTO `sys_quartz_job` VALUES ('6', 'testTask', '0/5 * * * * ?', '', 'жөӢиҜ•3', 'run2', null, 'жөӢиҜ•3', 'Zheng Jie', '', null, '', 'admin', 'admin', '2020-05-05 20:35:41', '2020-05-05 20:36:07');

-- ----------------------------
-- Table structure for sys_quartz_log
-- ----------------------------
DROP TABLE IF EXISTS `sys_quartz_log`;
CREATE TABLE `sys_quartz_log` (
  `log_id` bigint(20) NOT NULL AUTO_INCREMENT COMMENT 'ID',
  `bean_name` varchar(255) DEFAULT NULL,
  `create_time` datetime DEFAULT NULL,
  `cron_expression` varchar(255) DEFAULT NULL,
  `exception_detail` text,
  `is_success` bit(1) DEFAULT NULL,
  `job_name` varchar(255) DEFAULT NULL,
  `method_name` varchar(255) DEFAULT NULL,
  `params` varchar(255) DEFAULT NULL,
  `time` bigint(20) DEFAULT NULL,
  PRIMARY KEY (`log_id`) USING BTREE
) ENGINE=InnoDB DEFAULT CHARSET=utf8 ROW_FORMAT=COMPACT COMMENT='е®ҡж—¶д»»еҠЎж—Ҙеҝ—';

-- ----------------------------
-- Records of sys_quartz_log
-- ----------------------------

-- ----------------------------
-- Table structure for sys_role
-- ----------------------------
DROP TABLE IF EXISTS `sys_role`;
CREATE TABLE `sys_role` (
  `role_id` bigint(20) NOT NULL AUTO_INCREMENT COMMENT 'ID',
  `name` varchar(255) NOT NULL COMMENT 'еҗҚз§°',
  `level` int(255) DEFAULT NULL COMMENT 'и§’иүІзә§еҲ«',
  `description` varchar(255) DEFAULT NULL COMMENT 'жҸҸиҝ°',
  `data_scope` varchar(255) DEFAULT NULL COMMENT 'ж•°жҚ®жқғйҷҗ',
  `create_by` varchar(255) DEFAULT NULL COMMENT 'еҲӣе»әиҖ…',
  `update_by` varchar(255) DEFAULT NULL COMMENT 'жӣҙж–°иҖ…',
  `create_time` datetime DEFAULT NULL COMMENT 'еҲӣе»әж—Ҙжңҹ',
  `update_time` datetime DEFAULT NULL COMMENT 'жӣҙж–°ж—¶й—ҙ',
  PRIMARY KEY (`role_id`) USING BTREE,
  UNIQUE KEY `uniq_name` (`name`),
  KEY `role_name_index` (`name`)
) ENGINE=InnoDB AUTO_INCREMENT=3 DEFAULT CHARSET=utf8 ROW_FORMAT=COMPACT COMMENT='и§’иүІиЎЁ';

-- ----------------------------
-- Records of sys_role
-- ----------------------------
INSERT INTO `sys_role` VALUES ('1', 'и¶…зә§з®ЎзҗҶе‘ҳ', '1', '-', 'иҮӘе®ҡд№ү', null, 'admin', '2018-11-23 11:04:37', '2020-08-06 16:10:24');
INSERT INTO `sys_role` VALUES ('2', 'жҷ®йҖҡз”ЁжҲ·', '2', '-', 'иҮӘе®ҡд№ү', null, 'admin', '2018-11-23 13:09:06', '2020-09-05 10:45:12');

-- ----------------------------
-- Table structure for sys_roles_depts
-- ----------------------------
DROP TABLE IF EXISTS `sys_roles_depts`;
CREATE TABLE `sys_roles_depts` (
  `role_id` bigint(20) NOT NULL,
  `dept_id` bigint(20) NOT NULL,
  PRIMARY KEY (`role_id`,`dept_id`) USING BTREE,
  KEY `FK7qg6itn5ajdoa9h9o78v9ksur` (`dept_id`) USING BTREE
) ENGINE=InnoDB DEFAULT CHARSET=utf8 ROW_FORMAT=COMPACT COMMENT='и§’иүІйғЁй—Ёе…іиҒ”';

-- ----------------------------
-- Records of sys_roles_depts
-- ----------------------------
INSERT INTO `sys_roles_depts` VALUES ('2', '6');
INSERT INTO `sys_roles_depts` VALUES ('1', '7');
INSERT INTO `sys_roles_depts` VALUES ('1', '8');

-- ----------------------------
-- Table structure for sys_roles_menus
-- ----------------------------
DROP TABLE IF EXISTS `sys_roles_menus`;
CREATE TABLE `sys_roles_menus` (
  `menu_id` bigint(20) NOT NULL COMMENT 'иҸңеҚ•ID',
  `role_id` bigint(20) NOT NULL COMMENT 'и§’иүІID',
  PRIMARY KEY (`menu_id`,`role_id`) USING BTREE,
  KEY `FKcngg2qadojhi3a651a5adkvbq` (`role_id`) USING BTREE
) ENGINE=InnoDB DEFAULT CHARSET=utf8 ROW_FORMAT=COMPACT COMMENT='и§’иүІиҸңеҚ•е…іиҒ”';

-- ----------------------------
-- Records of sys_roles_menus
-- ----------------------------
INSERT INTO `sys_roles_menus` VALUES ('1', '1');
INSERT INTO `sys_roles_menus` VALUES ('2', '1');
INSERT INTO `sys_roles_menus` VALUES ('3', '1');
INSERT INTO `sys_roles_menus` VALUES ('5', '1');
INSERT INTO `sys_roles_menus` VALUES ('6', '1');
INSERT INTO `sys_roles_menus` VALUES ('7', '1');
INSERT INTO `sys_roles_menus` VALUES ('9', '1');
INSERT INTO `sys_roles_menus` VALUES ('10', '1');
INSERT INTO `sys_roles_menus` VALUES ('11', '1');
INSERT INTO `sys_roles_menus` VALUES ('14', '1');
INSERT INTO `sys_roles_menus` VALUES ('15', '1');
INSERT INTO `sys_roles_menus` VALUES ('18', '1');
INSERT INTO `sys_roles_menus` VALUES ('19', '1');
INSERT INTO `sys_roles_menus` VALUES ('21', '1');
INSERT INTO `sys_roles_menus` VALUES ('22', '1');
INSERT INTO `sys_roles_menus` VALUES ('23', '1');
INSERT INTO `sys_roles_menus` VALUES ('24', '1');
INSERT INTO `sys_roles_menus` VALUES ('27', '1');
INSERT INTO `sys_roles_menus` VALUES ('28', '1');
INSERT INTO `sys_roles_menus` VALUES ('30', '1');
INSERT INTO `sys_roles_menus` VALUES ('32', '1');
INSERT INTO `sys_roles_menus` VALUES ('33', '1');
INSERT INTO `sys_roles_menus` VALUES ('34', '1');
INSERT INTO `sys_roles_menus` VALUES ('35', '1');
INSERT INTO `sys_roles_menus` VALUES ('36', '1');
INSERT INTO `sys_roles_menus` VALUES ('37', '1');
INSERT INTO `sys_roles_menus` VALUES ('38', '1');
INSERT INTO `sys_roles_menus` VALUES ('39', '1');
INSERT INTO `sys_roles_menus` VALUES ('41', '1');
INSERT INTO `sys_roles_menus` VALUES ('80', '1');
INSERT INTO `sys_roles_menus` VALUES ('82', '1');
INSERT INTO `sys_roles_menus` VALUES ('83', '1');
INSERT INTO `sys_roles_menus` VALUES ('90', '1');
INSERT INTO `sys_roles_menus` VALUES ('92', '1');
INSERT INTO `sys_roles_menus` VALUES ('93', '1');
INSERT INTO `sys_roles_menus` VALUES ('94', '1');
INSERT INTO `sys_roles_menus` VALUES ('97', '1');
INSERT INTO `sys_roles_menus` VALUES ('98', '1');
INSERT INTO `sys_roles_menus` VALUES ('116', '1');
INSERT INTO `sys_roles_menus` VALUES ('1', '2');
INSERT INTO `sys_roles_menus` VALUES ('2', '2');
INSERT INTO `sys_roles_menus` VALUES ('3', '2');
INSERT INTO `sys_roles_menus` VALUES ('5', '2');
INSERT INTO `sys_roles_menus` VALUES ('6', '2');
INSERT INTO `sys_roles_menus` VALUES ('7', '2');
INSERT INTO `sys_roles_menus` VALUES ('9', '2');
INSERT INTO `sys_roles_menus` VALUES ('10', '2');
INSERT INTO `sys_roles_menus` VALUES ('11', '2');
INSERT INTO `sys_roles_menus` VALUES ('14', '2');
INSERT INTO `sys_roles_menus` VALUES ('15', '2');
INSERT INTO `sys_roles_menus` VALUES ('18', '2');
INSERT INTO `sys_roles_menus` VALUES ('19', '2');
INSERT INTO `sys_roles_menus` VALUES ('21', '2');
INSERT INTO `sys_roles_menus` VALUES ('22', '2');
INSERT INTO `sys_roles_menus` VALUES ('23', '2');
INSERT INTO `sys_roles_menus` VALUES ('24', '2');
INSERT INTO `sys_roles_menus` VALUES ('27', '2');
INSERT INTO `sys_roles_menus` VALUES ('28', '2');
INSERT INTO `sys_roles_menus` VALUES ('33', '2');
INSERT INTO `sys_roles_menus` VALUES ('34', '2');
INSERT INTO `sys_roles_menus` VALUES ('35', '2');
INSERT INTO `sys_roles_menus` VALUES ('36', '2');
INSERT INTO `sys_roles_menus` VALUES ('37', '2');
INSERT INTO `sys_roles_menus` VALUES ('38', '2');
INSERT INTO `sys_roles_menus` VALUES ('39', '2');
INSERT INTO `sys_roles_menus` VALUES ('80', '2');
INSERT INTO `sys_roles_menus` VALUES ('83', '2');
INSERT INTO `sys_roles_menus` VALUES ('90', '2');
INSERT INTO `sys_roles_menus` VALUES ('92', '2');

-- ----------------------------
-- Table structure for sys_user
-- ----------------------------
DROP TABLE IF EXISTS `sys_user`;
CREATE TABLE `sys_user` (
  `user_id` bigint(20) NOT NULL AUTO_INCREMENT COMMENT 'ID',
  `dept_id` bigint(20) DEFAULT NULL COMMENT 'йғЁй—ЁеҗҚз§°',
  `username` varchar(255) DEFAULT NULL COMMENT 'з”ЁжҲ·еҗҚ',
  `nick_name` varchar(255) DEFAULT NULL COMMENT 'жҳөз§°',
  `gender` varchar(2) DEFAULT NULL COMMENT 'жҖ§еҲ«',
  `phone` varchar(255) DEFAULT NULL COMMENT 'жүӢжңәеҸ·з Ғ',
  `email` varchar(255) DEFAULT NULL COMMENT 'йӮ®з®ұ',
  `avatar_name` varchar(255) DEFAULT NULL COMMENT 'еӨҙеғҸең°еқҖ',
  `avatar_path` varchar(255) DEFAULT NULL COMMENT 'еӨҙеғҸзңҹе®һи·Ҝеҫ„',
  `password` varchar(255) DEFAULT NULL COMMENT 'еҜҶз Ғ',
  `is_admin` bit(1) DEFAULT b'0' COMMENT 'жҳҜеҗҰдёәadminиҙҰеҸ·',
  `enabled` bigint(20) DEFAULT NULL COMMENT 'зҠ¶жҖҒпјҡ1еҗҜз”ЁгҖҒ0зҰҒз”Ё',
  `create_by` varchar(255) DEFAULT NULL COMMENT 'еҲӣе»әиҖ…',
  `update_by` varchar(255) DEFAULT NULL COMMENT 'жӣҙж–°зқҖ',
  `pwd_reset_time` datetime DEFAULT NULL COMMENT 'дҝ®ж”№еҜҶз Ғзҡ„ж—¶й—ҙ',
  `create_time` datetime DEFAULT NULL COMMENT 'еҲӣе»әж—Ҙжңҹ',
  `update_time` datetime DEFAULT NULL COMMENT 'жӣҙж–°ж—¶й—ҙ',
  PRIMARY KEY (`user_id`) USING BTREE,
  UNIQUE KEY `UK_kpubos9gc2cvtkb0thktkbkes` (`email`) USING BTREE,
  UNIQUE KEY `username` (`username`) USING BTREE,
  UNIQUE KEY `uniq_username` (`username`),
  UNIQUE KEY `uniq_email` (`email`),
  KEY `FK5rwmryny6jthaaxkogownknqp` (`dept_id`) USING BTREE,
  KEY `FKpq2dhypk2qgt68nauh2by22jb` (`avatar_name`) USING BTREE,
  KEY `inx_enabled` (`enabled`)
) ENGINE=InnoDB AUTO_INCREMENT=3 DEFAULT CHARSET=utf8 ROW_FORMAT=COMPACT COMMENT='зі»з»ҹз”ЁжҲ·';

-- ----------------------------
-- Records of sys_user
-- ----------------------------
INSERT INTO `sys_user` VALUES ('1', '2', 'admin', 'з®ЎзҗҶе‘ҳ', 'з”·', '18888888888', '201507802@qq.com', 'avatar-20200806032259161.png', '/Users/jie/Documents/work/me/admin/eladmin/~/avatar/avatar-20200806032259161.png', '123456', '', '1', null, 'admin', '2020-05-03 16:38:31', '2018-08-23 09:11:56', '2020-09-05 10:43:31');
INSERT INTO `sys_user` VALUES ('2', '2', 'test', 'жөӢиҜ•', 'з”·', '18888888888', '231@qq.com', null, null, '123456', '\0', '1', 'admin', 'admin', null, '2020-05-05 11:15:49', '2020-09-05 10:43:38');

-- ----------------------------
-- Table structure for sys_users_jobs
-- ----------------------------
DROP TABLE IF EXISTS `sys_users_jobs`;
CREATE TABLE `sys_users_jobs` (
  `user_id` bigint(20) NOT NULL COMMENT 'з”ЁжҲ·ID',
  `job_id` bigint(20) NOT NULL COMMENT 'еІ—дҪҚID',
  PRIMARY KEY (`user_id`,`job_id`)
) ENGINE=InnoDB DEFAULT CHARSET=utf8;

-- ----------------------------
-- Records of sys_users_jobs
-- ----------------------------
INSERT INTO `sys_users_jobs` VALUES ('1', '11');
INSERT INTO `sys_users_jobs` VALUES ('2', '12');

-- ----------------------------
-- Table structure for sys_users_roles
-- ----------------------------
DROP TABLE IF EXISTS `sys_users_roles`;
CREATE TABLE `sys_users_roles` (
  `user_id` bigint(20) NOT NULL COMMENT 'з”ЁжҲ·ID',
  `role_id` bigint(20) NOT NULL COMMENT 'и§’иүІID',
  PRIMARY KEY (`user_id`,`role_id`) USING BTREE,
  KEY `FKq4eq273l04bpu4efj0jd0jb98` (`role_id`) USING BTREE
) ENGINE=InnoDB DEFAULT CHARSET=utf8 ROW_FORMAT=COMPACT COMMENT='з”ЁжҲ·и§’иүІе…іиҒ”';

-- ----------------------------
-- Records of sys_users_roles
-- ----------------------------
INSERT INTO `sys_users_roles` VALUES ('1', '1');
INSERT INTO `sys_users_roles` VALUES ('2', '2');
